/*
MySQL Data Transfer
Source Host: localhost
Source Database: wannaeat
Target Host: localhost
Target Database: wannaeat
Date: 2020/7/21 ¤W¤È 06:41:10
*/

SET FOREIGN_KEY_CHECKS=0;
-- ----------------------------
-- Table structure for group_buy
-- ----------------------------
CREATE TABLE `group_buy` (
  `id` varchar(255) NOT NULL,
  `store_name` varchar(255) NOT NULL,
  `store_phone` varchar(200) NOT NULL,
  `group_host` varchar(255) NOT NULL,
  `end_time` datetime NOT NULL,
  `remark` varchar(255) default NULL,
  `store_id` int(11) NOT NULL,
  PRIMARY KEY  (`id`)
) ENGINE=MyISAM AUTO_INCREMENT=16 DEFAULT CHARSET=utf8;

-- ----------------------------
-- Table structure for hosts
-- ----------------------------
CREATE TABLE `hosts` (
  `id` int(255) NOT NULL auto_increment,
  `host_name` varchar(255) NOT NULL,
  PRIMARY KEY  (`id`)
) ENGINE=MyISAM AUTO_INCREMENT=25 DEFAULT CHARSET=utf8;

-- ----------------------------
-- Table structure for orders
-- ----------------------------
CREATE TABLE `orders` (
  `order_id` varchar(255) NOT NULL,
  `order_name` varchar(255) NOT NULL,
  `field_id` varchar(255) default NULL,
  `order_paymentStatus` tinyint(1) default '0',
  `order_meal` varchar(255) NOT NULL,
  `order_price` int(255) NOT NULL,
  `order_number` int(11) NOT NULL,
  `order_remark` varchar(255) default NULL,
  UNIQUE KEY `orders_field_id_uindex` (`field_id`)
) ENGINE=MyISAM AUTO_INCREMENT=2 DEFAULT CHARSET=utf8;

-- ----------------------------
-- Table structure for store
-- ----------------------------
CREATE TABLE `store` (
  `id` int(11) NOT NULL auto_increment,
  `name` varchar(255) NOT NULL,
  `description` varchar(255) NOT NULL,
  `phone` varchar(100) NOT NULL,
  `store_full_price` int(11) default '0',
  `store_cover` varchar(255) default NULL,
  `images` varchar(255) NOT NULL,
  PRIMARY KEY  (`id`)
) ENGINE=MyISAM AUTO_INCREMENT=25 DEFAULT CHARSET=utf8;

-- ----------------------------
-- Table structure for users
-- ----------------------------
CREATE TABLE `users` (
  `id` int(11) NOT NULL auto_increment,
  `username` varchar(50) NOT NULL,
  `password` varchar(50) NOT NULL,
  PRIMARY KEY  (`id`)
) ENGINE=MyISAM AUTO_INCREMENT=2 DEFAULT CHARSET=utf8;

-- ----------------------------
-- Records 
-- ----------------------------
INSERT INTO `group_buy` VALUES ('200719162755', 'æœˆæ¹–æ­å¼è¥¿é¤å»³', '04-21314568', 'å°V', '2020-07-19 16:27:00', '', '3');
INSERT INTO `group_buy` VALUES ('200719162811', 'ç‚’é£¯è¶…äºº', '04-88959987', 'å°V', '2020-07-19 16:28:00', '', '4');
INSERT INTO `group_buy` VALUES ('200719170956', 'å‡ä¸€åƒ¹ä¾¿ç•¶', '04-88959987', 'å°V', '2020-07-19 17:09:00', '', '6');
INSERT INTO `group_buy` VALUES ('200707211900', 'è€æ‘é•·ä½›è…©æ¹¯', '04-88959987', 'é˜¿ç¿°', '2020-07-07 21:50:00', '', '2');
INSERT INTO `group_buy` VALUES ('200708063015', 'ç‚’é£¯è¶…äºº', '04-88959987', 'é˜¿ç¿°', '2020-07-08 07:30:00', '', '4');
INSERT INTO `group_buy` VALUES ('200707211928', 'ç‚’é£¯è¶…äºº', '04-88959987', 'é˜¿ç¿°', '2020-07-06 21:19:00', '', '4');
INSERT INTO `group_buy` VALUES ('200707211949', 'ç‚’é£¯è¶…äºº', '04-88959987', 'é˜¿ç¿°', '2020-07-07 21:55:00', '', '4');
INSERT INTO `group_buy` VALUES ('200707225658', 'éº¥ç•¶å‹', '04-12345678', 'é˜¿ç¿°', '2020-07-07 23:50:00', '', '7');
INSERT INTO `group_buy` VALUES ('200708224937', 'è€æ‘é•·ä½›è…©æ¹¯', '04-88959987', 'é˜¿ç¿°', '2020-07-08 22:49:00', '', '2');
INSERT INTO `group_buy` VALUES ('200719171540', 'ç‚’é£¯è¶…äºº', '04-88959987', 'å°V', '2020-07-19 18:15:00', '', '4');
INSERT INTO `group_buy` VALUES ('200719171618', 'æœˆæ¹–æ­å¼è¥¿é¤å»³', '04-21314568', 'è€è™', '2020-07-19 20:16:00', '', '3');
INSERT INTO `group_buy` VALUES ('200719200854', 'å‡ä¸€åƒ¹ä¾¿ç•¶', '04-88959987', 'è€è™', '2020-07-19 19:08:00', '', '6');
INSERT INTO `group_buy` VALUES ('200719201023', 'å‡ä¸€åƒ¹ä¾¿ç•¶', '04-88959987', 'å°V', '2020-07-19 19:10:00', '', '6');
INSERT INTO `group_buy` VALUES ('200719202350', 'æœˆæ¹–æ­å¼è¥¿é¤å»³', '04-21314568', 'å°V', '2020-07-19 21:23:00', '', '3');
INSERT INTO `group_buy` VALUES ('200719214821', 'æœˆæ¹–æ­å¼è¥¿é¤å»³', '04-21314568', 'é˜¿ç¿°', '2020-07-20 21:48:00', '', '3');
INSERT INTO `hosts` VALUES ('1', 'é˜¿ç¿°');
INSERT INTO `hosts` VALUES ('19', 'Jack');
INSERT INTO `hosts` VALUES ('3', 'å¼µå­¸å‹');
INSERT INTO `hosts` VALUES ('10', 'å°èƒ–');
INSERT INTO `hosts` VALUES ('20', 'èƒ–èƒ–è±¬');
INSERT INTO `hosts` VALUES ('21', 'å°å°');
INSERT INTO `hosts` VALUES ('23', 'ç¾å¥³');
INSERT INTO `orders` VALUES ('200709193546', 'é˜¿ç¿°', '5f070c4279775', '0', 'è…³å°¾é£¯', '100', '0', '');
INSERT INTO `orders` VALUES ('200705170317', 'å°ç™½', '5f0196d92fcca', '0', 'æ’éª¨é£¯', '80', '0', 'æ’éª¨å¤§è¾£ ç‚’é£¯ä¸è¾£');
INSERT INTO `orders` VALUES ('200705060544', 'å³é¨é¾', '5f0185385bbfb', '0', '123', '20', '0', '');
INSERT INTO `orders` VALUES ('200705170401', 'å°ç™½', '5f01977f3f02c', '0', 'æ’éª¨é£¯', '80', '0', 'æ’éª¨å¤§è¾£ ç‚’é£¯ä¸è¾£');
INSERT INTO `orders` VALUES ('200705165130', 'é˜¿ç¿°', '5f0197baa7cb2', '0', 'æ’é¤', '100', '0', '');
INSERT INTO `orders` VALUES ('200705170401', 'é˜¿ç¿°', '5f019a273084e', '0', 'æ’é¤', '10', '0', '');
INSERT INTO `orders` VALUES ('200705170401', 'é˜¿æ²¹ä¼¯ç‹', '5f019a37dec5a', '0', 'ç‚¸å½ˆæ’éª¨éºµ', '500', '0', '');
INSERT INTO `orders` VALUES ('200705170401', 'é˜¿ç¿°', '5f01a514b1d3e', '0', 'ä¼´æ‰‹ç¦®', '100', '0', '');
INSERT INTO `orders` VALUES ('200705170401', 'é˜¿ç¿°', '5f01a5516b5c7', '0', 'çç å¥¶', '80', '0', 'ä¸åŠ çç ');
INSERT INTO `orders` VALUES ('200705193748', 'å°ç™½', '5f01bb870c492', '0', 'æ’éª¨é£¯', '80', '0', 'æ’éª¨å¤§è¾£ ç‚’é£¯ä¸è¾£');
INSERT INTO `orders` VALUES ('200705060544', 'é˜¿ç¿°', '5f01bb9c56c4b', '0', 'æ’é¤', '100', '0', '');
INSERT INTO `orders` VALUES ('200705210016', 'é˜¿ç¿°', '5f01d2b04512c', '0', 'æ’é¤', '100', '0', '');
INSERT INTO `orders` VALUES ('200705210016', 'é˜¿ç†Š', '5f01d2c02ce0d', '0', 'èœèœå­', '500', '0', '123');
INSERT INTO `orders` VALUES ('200706232825', 'é˜¿ç¿°', '5f034326b8e55', '0', 'æ’é¤', '3', '0', '');
INSERT INTO `orders` VALUES ('200707211910', 'é˜¿ç¿°', '5f04950634def', '0', 'æ’é¤', '10', '0', '');
INSERT INTO `orders` VALUES ('200707211910', 'é˜¿ç¿°', '5f04965bbd15c', '0', 'ä¼´æ‰‹ç¦®', '100', '0', '');
INSERT INTO `orders` VALUES ('200707211910', 'å³é¨é¾', '5f0496647d990', '0', 'è…³å°¾é£¯', '200', '0', '');
INSERT INTO `orders` VALUES ('200709062654', 'åª½åª½ç±³', '5f0648a863867', '0', 'æ’é£¯', '126', '4', '.');
INSERT INTO `orders` VALUES ('200709062654', 'Nick', '5f06effb1d87d', '0', 'æ’é£¯', '126', '1', 'æ’éª¨å¤§è¾£ ç‚’é£¯ä¸è¾£');
INSERT INTO `orders` VALUES ('200709062654', 'é˜¿ç†Š', '5f06f0067187b', '0', 'è…³å°¾é£¯', '26', '4', 'ä¸è¦è¾£');
INSERT INTO `orders` VALUES ('200710065045', 'é˜¿ç†Š', '5f0db846c4f1e', '0', 'è…³å°¾é£¯', '121', '1', '');
INSERT INTO `orders` VALUES ('200709062654', 'Wang', '5f06f04d8a1b4', '0', 'ç¶ èŒ¶åŒ…', '30', '7', 'æˆ‘ä¸èƒ–');
INSERT INTO `orders` VALUES ('200709062654', 'å³é¨é¾', '5f06f07fb03e1', '0', 'é…¸è¾£æ¹¯æ¹¯', '20', '3', '1234');
INSERT INTO `orders` VALUES ('200709062654', 'é˜¿ç¿°ç‹', '5f06fd55454ed', '0', 'è…³å°¾é£¯', '23', '1', '122');
INSERT INTO `orders` VALUES ('200709193743', 'é˜¿ç¿°', '5f071658366cf', '0', 'æ’é¤', '100', '0', '');
INSERT INTO `orders` VALUES ('200709193638', 'é˜¿ç¿°', '5f072c766c05f', '0', 'æ’é¤', '100', '1', '');
INSERT INTO `orders` VALUES ('200709193638', 'é˜¿ç¿°', '5f072d008fac9', '0', 'è…³å°¾é£¯', '100', '1', '123');
INSERT INTO `orders` VALUES ('200710065045', 'é˜¿ç¿°', '5f0db83ee2720', '0', 'ç‰›è‚‰éºµ', '98', '1', '');
INSERT INTO `orders` VALUES ('200709062654', 'é™³æ”¿ç¿°', '5f0dab6ea347e', '0', 'éµæ¿é›è…¿æ’ä¾¿ç•¶', '75', '1', '');
INSERT INTO `orders` VALUES ('200709193858', 'åª½åª½ç±³', '5f13f132db2bd', '0', 'ä¼´æ‰‹ç¦®', '100', '1', '');
INSERT INTO `orders` VALUES ('200710065045', 'å³é¨é¾', '5f0db8581659c', '0', 'ä¼´æ‰‹ç¦®', '1', '1', '');
INSERT INTO `orders` VALUES ('200714225415', 'é˜¿ç¿°v', '5f0dc7265fcc7', '0', 'æ’é¤', '1', '3', '11');
INSERT INTO `orders` VALUES ('200714225415', 'å³é¨é¾', '5f0dc73a8a2f9', '0', 'è…³å°¾é£¯', '200', '2', '');
INSERT INTO `orders` VALUES ('200709193858', 'é˜¿ç¿°', '5f12de88bd75f', '0', 'æ’é¤', '200', '1', '');
INSERT INTO `orders` VALUES ('200709193858', 'é˜¿ç¿°', '5f13f116ba281', '0', 'æ’é¤', '100', '1', '');
INSERT INTO `orders` VALUES ('200718200347', 'é˜¿ç¿°', '5f12e8dfab0a6', '0', 'æ’é¤', '50', '1', '');
INSERT INTO `orders` VALUES ('200719214821', 'å³é¨é¾', '5f1456c9aef74', '1', 'è…³å°¾é£¯', '100', '3', '1');
INSERT INTO `orders` VALUES ('200709193743', 'åª½åª½ç±³', '5f12f8de3ff44', '0', 'ä¼´æ‰‹ç¦®', '300', '1', '');
INSERT INTO `orders` VALUES ('200710211454', 'å—šå—š', '5f131825d5da0', '0', 'è€å¥¶å¥¶', '200', '1', '');
INSERT INTO `orders` VALUES ('200709193858', 'åª½åª½ç±³', '5f13f13d3f133', '0', 'æ’é£¯0', '10', '1', '');
INSERT INTO `orders` VALUES ('200719214821', 'é˜¿ç¿°', '5f14580e48868', '0', 'è…³å°¾é£¯', '100', '2', '');
INSERT INTO `orders` VALUES ('200719214821', 'åª½åª½ç±³', '5f14582e3b775', '0', 'è…³å°¾é£¯', '100', '4', '');
INSERT INTO `orders` VALUES ('200719214821', 'åª½åª½ç±³', '5f15a0e946e46', '0', 'ä¼´æ‰‹ç¦®', '10', '1', '');
INSERT INTO `orders` VALUES ('200719214821', 'å³é¨é¾', '5f15a10fd7c04', '0', 'æ’é£¯', '58', '1', '');
INSERT INTO `store` VALUES ('24', '50åµ (åŒ—å¹³åº—)', '', '04-2299-3093', '0', './archive/stores/cover-5f1452c067d01.png', './archive/stores/5f1452c067e73.jpg');
INSERT INTO `store` VALUES ('3', 'æœˆæ¹–æ­å¼è¥¿é¤å»³', 'æ‹›ç‰Œè±å¯Œå•†æ¥­å¥—é¤ï¼Œå«éºµåŒ…ã€æ¹¯æˆ–æ²™æ‹‰ã€ä¸»èœåŠç”œé»ã€é£²æ–™ã€‚å¦ä¸»å»šæ¨è–¦å„å¼å¥—é¤å‡å«é–‹èƒƒèœã€éºµåŒ…ã€æ¹¯ã€æ²™æ‹‰ã€ä¸»èœåŠç”œé»ã€é£²æ–™ã€‚åˆå¸«å‚…ç²¾è£½ç”œé»ï¼Œå¦‚å¾·å¼ä¹³é…ªè›‹ç³•ã€ææ‹‰ç±³è˜‡ç­‰ä¹Ÿä»¤äººé©šè±”ã€‚', '04-21314568', '200', './archive/cover-5f0842c3c9170.jpeg', './archive/5f0842c3c92a4.jpg');
INSERT INTO `store` VALUES ('4', 'ç‚’é£¯è¶…äºº', 'é€é¤é€Ÿåº¦æ…¢ åé»å‰è¦è¨‚', '04-88959987', '0', './archive/cover-5f0842b7cd104.jpeg', './archive/5efb58b708d93.jpg');
INSERT INTO `store` VALUES ('23', 'å…«æ–¹é›²é›†å°ä¸­æ˜Œå¹³åº—', 'é‹è²¼,æ°´é¤ƒ,é…¸è¾£æ¹¯,ç‰ç±³æ¿ƒæ¹¯,èœè‚‰æŠ„æ‰‹,ç´…æ²¹æŠ„æ‰‹,éåŸºæ”¹,è±†æ¼¿,é»‘è±†æ¼¿,ç„¡ç³–è±†æ¼¿,éŸ“å¼è¾£å‘³æ°´é¤ƒ,å’–å“©æ°´é¤ƒ,å¤æ—©å‘³ä¹¾éºµ,ç‰¹èª¿ä¹¾éºµ,éº»é†¬ä¹¾éºµ,é†¡é†¬ä¹¾éºµ,é»‘èŠéº»ä¹¾éºµ,ç”Ÿé®®æ°´é¤ƒï¼Œèœå–®ç‚ºç¤ºæ„ç”¨ï¼Œæœ‰æ­£ç¢ºç‰ˆè«‹å¹«å¿™ä¸Šå‚³ï¼Œè«‹å¹«å¿™è£œå¤–é€é‡‘é¡', '04-2249-0558', '0', './archive/stores/cover-5f14526fddc26.jpg', './archive/stores/5f14526fdddf5.jpg');
INSERT INTO `store` VALUES ('6', 'å‡ä¸€åƒ¹ä¾¿ç•¶', 'è€é—†ç®—æ•¸ä¸å¥½ å‹™å¿…é»æ¸…æ¥š', '04-88959987', '110', './archive/cover-5f144ef2eb465.jpeg', './archive/5f144ef2eb577.jpg');
INSERT INTO `store` VALUES ('22', 'åš´ç™¼éµæ¿ä¾¿ç•¶', '', '', '0', './archive/stores/cover-5f144ae050cea.jpeg', './archive/stores/5f144ae050f4f.jpg');
INSERT INTO `users` VALUES ('1', 'abc', 'abc');
